,game_id,prob
0,2024-1163-1391,0.81
1,2024-1235-1355,0.78
2,2024-1228-1287,0.79
3,2024-1120-1463,0.73
4,2024-1361-1412,0.46399999999999997
5,2024-1140-1182,0.544
6,2024-1450-1179,0.36800000000000005
7,2024-1194-1321,0.36
8,2024-1314-1224,0.77
9,2024-1314-1447,0.8
10,2024-1112-1253,0.6400000000000001
11,2024-1124-1159,0.78
12,2024-1104-1158,0.78
13,2024-1388-1213,0.38
14,2024-1155-1307,0.36
15,2024-1173-1305,0.35
16,2024-1280-1277,0.36
17,2024-1345-1212,0.83
18,2024-1345-1286,0.81
19,2024-1397-1389,0.63
20,2024-1166-1103,0.8
21,2024-1242-1359,0.6
22,2024-1211-1270,0.496
23,2024-1376-1332,0.47
24,2024-1400-1161,0.41
25,2024-1400-1438,0.47
26,2024-1429-1395,0.30400000000000005
27,2024-1222-1255,0.75
28,2024-1266-1443,0.71
29,2024-1246-1324,0.63
30,2024-1181-1436,0.78
31,2024-1458-1241,0.49
32,2024-1403-1301,0.55
33,2024-1196-1129,0.3
34,2024-1196-1160,0.26
35,2024-1304-1401,0.51
36,2024-1163-1194,0.71
37,2024-1163-1321,0.71
38,2024-1194-1391,0.6
39,2024-1321-1391,0.83
40,2024-1179-1355,0.62
41,2024-1235-1450,0.6
42,2024-1235-1179,0.56
43,2024-1450-1355,0.592
44,2024-1140-1287,0.544
45,2024-1182-1287,0.3
46,2024-1228-1140,0.41
47,2024-1228-1182,0.72
48,2024-1120-1361,0.48
49,2024-1120-1412,0.74
50,2024-1361-1463,0.44000000000000006
51,2024-1412-1463,0.4
52,2024-1277-1224,0.55
53,2024-1277-1447,0.55
54,2024-1280-1224,0.71
55,2024-1280-1447,0.71
56,2024-1314-1280,0.2
57,2024-1314-1277,0.17
58,2024-1112-1173,0.528
59,2024-1112-1305,0.528
60,2024-1173-1253,0.77
61,2024-1305-1253,0.584
62,2024-1124-1155,0.41
63,2024-1124-1307,0.46
64,2024-1155-1159,0.77
65,2024-1307-1159,0.67
66,2024-1104-1388,0.35
67,2024-1104-1213,0.55
68,2024-1213-1158,0.264
69,2024-1388-1158,0.63
70,2024-1345-1429,0.68
71,2024-1345-1395,0.67
72,2024-1395-1212,0.77
73,2024-1395-1286,0.75
74,2024-1429-1212,0.5599999999999999
75,2024-1429-1286,0.584
76,2024-1161-1389,0.8
77,2024-1397-1400,0.34
78,2024-1397-1161,0.45
79,2024-1397-1438,0.54
80,2024-1400-1389,0.77
81,2024-1438-1389,0.44
82,2024-1166-1376,0.65
83,2024-1166-1332,0.64
84,2024-1332-1103,0.42400000000000004
85,2024-1376-1103,0.71
86,2024-1211-1359,0.496
87,2024-1242-1211,0.42
88,2024-1242-1270,0.48
89,2024-1270-1359,0.46
90,2024-1222-1304,0.47
91,2024-1222-1401,0.57
92,2024-1304-1255,0.59
93,2024-1401-1255,0.65
94,2024-1129-1443,0.52
95,2024-1160-1443,0.74
96,2024-1196-1443,0.77
97,2024-1266-1196,0.46
98,2024-1266-1129,0.47
99,2024-1266-1160,0.45
100,2024-1246-1403,0.37
101,2024-1246-1301,0.36
102,2024-1301-1324,0.86
103,2024-1403-1324,0.73
104,2024-1181-1458,0.39
105,2024-1181-1241,0.69
106,2024-1241-1436,0.39
107,2024-1458-1436,0.75
108,2024-1120-1194,0.71
109,2024-1120-1321,0.71
110,2024-1120-1391,0.85
111,2024-1163-1120,0.31
112,2024-1163-1361,0.63
113,2024-1163-1412,0.74
114,2024-1163-1463,0.68
115,2024-1194-1412,0.49
116,2024-1194-1463,0.36
117,2024-1321-1412,0.75
118,2024-1321-1463,0.72
119,2024-1361-1194,0.392
120,2024-1361-1321,0.392
121,2024-1361-1391,0.488
122,2024-1412-1391,0.37
123,2024-1463-1391,0.53
124,2024-1140-1450,0.512
125,2024-1140-1179,0.44000000000000006
126,2024-1140-1355,0.568
127,2024-1179-1182,0.54
128,2024-1179-1287,0.52
129,2024-1182-1355,0.36
130,2024-1228-1450,0.41
131,2024-1228-1179,0.5
132,2024-1228-1355,0.83
133,2024-1235-1228,0.27
134,2024-1235-1140,0.36
135,2024-1235-1182,0.65
136,2024-1235-1287,0.73
137,2024-1287-1355,0.39
138,2024-1450-1182,0.52
139,2024-1450-1287,0.6320000000000001
140,2024-1104-1280,0.44
141,2024-1104-1277,0.35
142,2024-1104-1224,0.76
143,2024-1104-1447,0.78
144,2024-1158-1224,0.54
145,2024-1158-1447,0.53
146,2024-1213-1224,0.336
147,2024-1213-1447,0.35200000000000004
148,2024-1277-1213,0.44
149,2024-1277-1158,0.55
150,2024-1280-1213,0.5
151,2024-1280-1158,0.65
152,2024-1314-1104,0.18
153,2024-1314-1388,0.16
154,2024-1314-1213,0.44
155,2024-1314-1158,0.61
156,2024-1388-1280,0.37
157,2024-1388-1277,0.48
158,2024-1388-1224,0.73
159,2024-1388-1447,0.72
160,2024-1112-1124,0.48
161,2024-1112-1155,0.536
162,2024-1112-1307,0.568
163,2024-1112-1159,0.6160000000000001
164,2024-1124-1173,0.4
165,2024-1124-1305,0.4
166,2024-1124-1253,0.77
167,2024-1155-1173,0.28
168,2024-1155-1305,0.28
169,2024-1155-1253,0.77
170,2024-1159-1253,0.35
171,2024-1173-1307,0.33
172,2024-1173-1159,0.78
173,2024-1305-1307,0.36000000000000004
174,2024-1305-1159,0.5599999999999999
175,2024-1307-1253,0.66
176,2024-1211-1429,0.42400000000000004
177,2024-1211-1395,0.40800000000000003
178,2024-1211-1212,0.6080000000000001
179,2024-1211-1286,0.592
180,2024-1242-1429,0.45
181,2024-1242-1395,0.41
182,2024-1242-1212,0.78
183,2024-1242-1286,0.77
184,2024-1270-1212,0.45
185,2024-1270-1286,0.46
186,2024-1345-1242,0.46
187,2024-1345-1211,0.43
188,2024-1345-1270,0.77
189,2024-1345-1359,0.8
190,2024-1359-1212,0.5
191,2024-1359-1286,0.55
192,2024-1395-1270,0.71
193,2024-1395-1359,0.71
194,2024-1429-1270,0.41600000000000004
195,2024-1429-1359,0.488
196,2024-1103-1389,0.31
197,2024-1161-1332,0.58
198,2024-1161-1103,0.74
199,2024-1166-1400,0.48
200,2024-1166-1161,0.55
201,2024-1166-1438,0.69
202,2024-1166-1389,0.78
203,2024-1332-1389,0.5599999999999999
204,2024-1376-1400,0.28
205,2024-1376-1161,0.37
206,2024-1376-1438,0.47
207,2024-1376-1389,0.75
208,2024-1397-1166,0.34
209,2024-1397-1376,0.52
210,2024-1397-1332,0.55
211,2024-1397-1103,0.49
212,2024-1400-1332,0.46
213,2024-1400-1103,0.73
214,2024-1438-1332,0.35
215,2024-1438-1103,0.44
216,2024-1181-1304,0.41
217,2024-1181-1401,0.45
218,2024-1181-1255,0.78
219,2024-1222-1181,0.36
220,2024-1222-1458,0.52
221,2024-1222-1241,0.67
222,2024-1222-1436,0.77
223,2024-1241-1255,0.52
224,2024-1304-1241,0.64
225,2024-1304-1436,0.7
226,2024-1401-1241,0.43
227,2024-1401-1436,0.58
228,2024-1436-1255,0.37
229,2024-1458-1304,0.46
230,2024-1458-1401,0.47
231,2024-1458-1255,0.79
232,2024-1129-1301,0.36000000000000004
233,2024-1129-1324,0.528
234,2024-1160-1301,0.57
235,2024-1160-1324,0.75
236,2024-1196-1301,0.56
237,2024-1196-1324,0.76
238,2024-1246-1196,0.35
239,2024-1246-1129,0.33
240,2024-1246-1160,0.37
241,2024-1246-1443,0.63
242,2024-1266-1246,0.49
243,2024-1266-1403,0.45
244,2024-1266-1301,0.72
245,2024-1266-1324,0.71
246,2024-1301-1443,0.86
247,2024-1324-1443,0.35
248,2024-1403-1196,0.31
249,2024-1403-1129,0.39
250,2024-1403-1160,0.29
251,2024-1403-1443,0.7
252,2024-1120-1140,0.47
253,2024-1120-1450,0.71
254,2024-1120-1179,0.68
255,2024-1120-1182,0.74
256,2024-1120-1287,0.74
257,2024-1120-1355,0.81
258,2024-1140-1194,0.43200000000000005
259,2024-1140-1321,0.43200000000000005
260,2024-1140-1412,0.544
261,2024-1140-1463,0.5599999999999999
262,2024-1140-1391,0.568
263,2024-1163-1235,0.31
264,2024-1163-1228,0.47
265,2024-1163-1140,0.62
266,2024-1163-1450,0.69
267,2024-1163-1179,0.72
268,2024-1163-1182,0.69
269,2024-1163-1287,0.75
270,2024-1163-1355,0.71
271,2024-1179-1412,0.5
272,2024-1179-1463,0.51
273,2024-1179-1391,0.69
274,2024-1182-1412,0.37
275,2024-1182-1463,0.32
276,2024-1182-1391,0.49
277,2024-1194-1179,0.34
278,2024-1194-1182,0.34
279,2024-1194-1287,0.52
280,2024-1194-1355,0.54
281,2024-1228-1120,0.41
282,2024-1228-1361,0.42
283,2024-1228-1194,0.45
284,2024-1228-1321,0.45
285,2024-1228-1412,0.79
286,2024-1228-1463,0.73
287,2024-1228-1391,0.82
288,2024-1235-1120,0.51
289,2024-1235-1361,0.37
290,2024-1235-1194,0.62
291,2024-1235-1321,0.62
292,2024-1235-1412,0.7
293,2024-1235-1463,0.67
294,2024-1235-1391,0.81
295,2024-1287-1391,0.49
296,2024-1321-1179,0.49
297,2024-1321-1182,0.71
298,2024-1321-1287,0.8
299,2024-1321-1355,0.81
300,2024-1355-1391,0.32
301,2024-1361-1140,0.36000000000000004
302,2024-1361-1450,0.43200000000000005
303,2024-1361-1179,0.376
304,2024-1361-1182,0.44000000000000006
305,2024-1361-1287,0.46399999999999997
306,2024-1361-1355,0.44800000000000006
307,2024-1412-1287,0.43
308,2024-1412-1355,0.27
309,2024-1450-1194,0.248
310,2024-1450-1321,0.248
311,2024-1450-1412,0.6160000000000001
312,2024-1450-1463,0.528
313,2024-1450-1391,0.6320000000000001
314,2024-1463-1287,0.34
315,2024-1463-1355,0.37
316,2024-1104-1155,0.49
317,2024-1104-1173,0.49
318,2024-1104-1305,0.48
319,2024-1104-1307,0.42
320,2024-1104-1159,0.81
321,2024-1104-1253,0.79
322,2024-1112-1104,0.504
323,2024-1112-1388,0.528
324,2024-1112-1280,0.5519999999999999
325,2024-1112-1277,0.504
326,2024-1112-1213,0.6000000000000001
327,2024-1112-1158,0.6000000000000001
328,2024-1112-1224,0.672
329,2024-1112-1447,0.664
330,2024-1124-1104,0.45
331,2024-1124-1388,0.49
332,2024-1124-1280,0.44
333,2024-1124-1277,0.47
334,2024-1124-1213,0.49
335,2024-1124-1158,0.8
336,2024-1124-1224,0.71
337,2024-1124-1447,0.75
338,2024-1155-1280,0.31
339,2024-1155-1277,0.37
340,2024-1155-1213,0.51
341,2024-1155-1158,0.71
342,2024-1155-1224,0.73
343,2024-1155-1447,0.72
344,2024-1158-1159,0.36
345,2024-1158-1253,0.41
346,2024-1159-1224,0.52
347,2024-1159-1447,0.55
348,2024-1173-1280,0.38
349,2024-1173-1277,0.3
350,2024-1173-1213,0.38
351,2024-1173-1158,0.76
352,2024-1173-1224,0.74
353,2024-1173-1447,0.75
354,2024-1213-1159,0.36000000000000004
355,2024-1213-1253,0.36800000000000005
356,2024-1253-1224,0.328
357,2024-1253-1447,0.376
358,2024-1277-1305,0.42
359,2024-1277-1307,0.37
360,2024-1277-1159,0.55
361,2024-1277-1253,0.55
362,2024-1280-1305,0.49
363,2024-1280-1307,0.37
364,2024-1280-1159,0.71
365,2024-1280-1253,0.71
366,2024-1305-1213,0.4
367,2024-1305-1158,0.488
368,2024-1305-1224,0.5519999999999999
369,2024-1305-1447,0.568
370,2024-1307-1213,0.45
371,2024-1307-1158,0.53
372,2024-1307-1224,0.66
373,2024-1307-1447,0.68
374,2024-1314-1112,0.45
375,2024-1314-1124,0.21
376,2024-1314-1155,0.26
377,2024-1314-1173,0.27
378,2024-1314-1305,0.27
379,2024-1314-1307,0.18
380,2024-1314-1159,0.65
381,2024-1314-1253,0.69
382,2024-1388-1155,0.4
383,2024-1388-1173,0.41
384,2024-1388-1305,0.41
385,2024-1388-1307,0.46
386,2024-1388-1159,0.65
387,2024-1388-1253,0.66
388,2024-1103-1212,0.38
389,2024-1103-1286,0.31
390,2024-1161-1270,0.63
391,2024-1161-1359,0.58
392,2024-1161-1212,0.8
393,2024-1161-1286,0.8
394,2024-1166-1242,0.5
395,2024-1166-1211,0.43
396,2024-1166-1429,0.65
397,2024-1166-1395,0.48
398,2024-1166-1270,0.7
399,2024-1166-1359,0.73
400,2024-1166-1212,0.8
401,2024-1166-1286,0.79
402,2024-1211-1376,0.43200000000000005
403,2024-1211-1400,0.4
404,2024-1211-1161,0.41600000000000004
405,2024-1211-1438,0.48
406,2024-1211-1332,0.472
407,2024-1211-1103,0.6000000000000001
408,2024-1211-1389,0.584
409,2024-1242-1376,0.45
410,2024-1242-1400,0.34
411,2024-1242-1161,0.44
412,2024-1242-1438,0.47
413,2024-1242-1332,0.48
414,2024-1242-1103,0.77
415,2024-1242-1389,0.76
416,2024-1270-1103,0.35
417,2024-1270-1389,0.47
418,2024-1332-1270,0.23199999999999998
419,2024-1332-1359,0.43200000000000005
420,2024-1332-1212,0.568
421,2024-1332-1286,0.5519999999999999
422,2024-1345-1397,0.37
423,2024-1345-1166,0.39
424,2024-1345-1376,0.68
425,2024-1345-1400,0.6
426,2024-1345-1161,0.73
427,2024-1345-1438,0.77
428,2024-1345-1332,0.75
429,2024-1345-1103,0.83
430,2024-1345-1389,0.82
431,2024-1359-1103,0.35
432,2024-1359-1389,0.53
433,2024-1376-1429,0.43
434,2024-1376-1395,0.3
435,2024-1376-1270,0.52
436,2024-1376-1359,0.56
437,2024-1376-1212,0.74
438,2024-1376-1286,0.78
439,2024-1389-1212,0.56
440,2024-1389-1286,0.5
441,2024-1395-1161,0.33
442,2024-1395-1438,0.76
443,2024-1395-1332,0.84
444,2024-1395-1103,0.76
445,2024-1395-1389,0.77
446,2024-1397-1242,0.26
447,2024-1397-1211,0.25
448,2024-1397-1429,0.52
449,2024-1397-1395,0.33
450,2024-1397-1270,0.53
451,2024-1397-1359,0.52
452,2024-1397-1212,0.74
453,2024-1397-1286,0.67
454,2024-1400-1429,0.37
455,2024-1400-1395,0.34
456,2024-1400-1270,0.45
457,2024-1400-1359,0.56
458,2024-1400-1212,0.75
459,2024-1400-1286,0.76
460,2024-1429-1161,0.34400000000000003
461,2024-1429-1438,0.336
462,2024-1429-1332,0.384
463,2024-1429-1103,0.536
464,2024-1429-1389,0.584
465,2024-1438-1270,0.35
466,2024-1438-1359,0.5
467,2024-1438-1212,0.44
468,2024-1438-1286,0.45
469,2024-1129-1241,0.376
470,2024-1129-1436,0.472
471,2024-1129-1255,0.544
472,2024-1160-1241,0.57
473,2024-1160-1436,0.68
474,2024-1160-1255,0.77
475,2024-1181-1403,0.41
476,2024-1181-1196,0.44
477,2024-1181-1129,0.46
478,2024-1181-1160,0.41
479,2024-1181-1301,0.69
480,2024-1181-1324,0.81
481,2024-1181-1443,0.81
482,2024-1196-1304,0.26
483,2024-1196-1401,0.31
484,2024-1196-1241,0.55
485,2024-1196-1436,0.73
486,2024-1196-1255,0.78
487,2024-1222-1266,0.4
488,2024-1222-1246,0.48
489,2024-1222-1403,0.47
490,2024-1222-1196,0.51
491,2024-1222-1129,0.56
492,2024-1222-1160,0.47
493,2024-1222-1301,0.67
494,2024-1222-1324,0.75
495,2024-1222-1443,0.71
496,2024-1241-1324,0.49
497,2024-1241-1443,0.47
498,2024-1246-1181,0.36
499,2024-1246-1458,0.35
500,2024-1246-1304,0.37
501,2024-1246-1401,0.34
502,2024-1246-1241,0.38
503,2024-1246-1436,0.57
504,2024-1246-1255,0.65
505,2024-1266-1181,0.39
506,2024-1266-1458,0.42
507,2024-1266-1304,0.45
508,2024-1266-1401,0.5
509,2024-1266-1241,0.72
510,2024-1266-1436,0.68
511,2024-1266-1255,0.7
512,2024-1301-1241,0.46
513,2024-1301-1436,0.73
514,2024-1301-1255,0.89
515,2024-1304-1129,0.39
516,2024-1304-1160,0.18
517,2024-1304-1301,0.63
518,2024-1304-1324,0.58
519,2024-1304-1443,0.56
520,2024-1324-1255,0.31
521,2024-1401-1129,0.43
522,2024-1401-1160,0.47
523,2024-1401-1301,0.38
524,2024-1401-1324,0.63
525,2024-1401-1443,0.63
526,2024-1403-1304,0.29
527,2024-1403-1401,0.55
528,2024-1403-1241,0.55
529,2024-1403-1436,0.7
530,2024-1403-1255,0.73
531,2024-1436-1324,0.36
532,2024-1436-1443,0.38
533,2024-1443-1255,0.36
534,2024-1458-1403,0.46
535,2024-1458-1196,0.48
536,2024-1458-1129,0.5
537,2024-1458-1160,0.46
538,2024-1458-1301,0.5
539,2024-1458-1324,0.77
540,2024-1458-1443,0.78
541,2024-1120-1314,0.38
542,2024-1120-1112,0.38
543,2024-1120-1124,0.36
544,2024-1120-1104,0.49
545,2024-1120-1388,0.49
546,2024-1120-1155,0.68
547,2024-1120-1173,0.69
548,2024-1120-1280,0.6
549,2024-1120-1277,0.48
550,2024-1120-1305,0.69
551,2024-1120-1307,0.55
552,2024-1120-1213,0.68
553,2024-1120-1158,0.71
554,2024-1120-1159,0.81
555,2024-1120-1253,0.78
556,2024-1120-1224,0.9
557,2024-1120-1447,0.9
558,2024-1140-1314,0.24
559,2024-1140-1112,0.20800000000000002
560,2024-1140-1124,0.248
561,2024-1140-1104,0.264
562,2024-1140-1388,0.24
563,2024-1140-1155,0.512
564,2024-1140-1173,0.52
565,2024-1140-1280,0.392
566,2024-1140-1277,0.264
567,2024-1140-1305,0.512
568,2024-1140-1307,0.328
569,2024-1140-1213,0.45599999999999996
570,2024-1140-1158,0.52
571,2024-1140-1159,0.5599999999999999
572,2024-1140-1253,0.568
573,2024-1140-1224,0.5599999999999999
574,2024-1140-1447,0.5599999999999999
575,2024-1163-1314,0.3
576,2024-1163-1112,0.27
577,2024-1163-1124,0.53
578,2024-1163-1104,0.6
579,2024-1163-1388,0.64
580,2024-1163-1155,0.69
581,2024-1163-1173,0.68
582,2024-1163-1280,0.63
583,2024-1163-1277,0.62
584,2024-1163-1305,0.68
585,2024-1163-1307,0.63
586,2024-1163-1213,0.7
587,2024-1163-1158,0.7
588,2024-1163-1159,0.71
589,2024-1163-1253,0.76
590,2024-1163-1224,0.83
591,2024-1163-1447,0.83
592,2024-1179-1314,0.28
593,2024-1179-1112,0.22
594,2024-1179-1124,0.34
595,2024-1179-1104,0.33
596,2024-1179-1388,0.3
597,2024-1179-1155,0.23
598,2024-1179-1173,0.24
599,2024-1179-1280,0.21
600,2024-1179-1277,0.32
601,2024-1179-1305,0.23
602,2024-1179-1307,0.22
603,2024-1179-1213,0.26
604,2024-1179-1158,0.53
605,2024-1179-1159,0.66
606,2024-1179-1253,0.71
607,2024-1179-1224,0.62
608,2024-1179-1447,0.67
609,2024-1182-1314,0.14
610,2024-1182-1112,0.17
611,2024-1182-1124,0.17
612,2024-1182-1104,0.19
613,2024-1182-1388,0.12
614,2024-1182-1155,0.43
615,2024-1182-1173,0.4
616,2024-1182-1280,0.22
617,2024-1182-1277,0.12
618,2024-1182-1305,0.4
619,2024-1182-1307,0.21
620,2024-1182-1213,0.34
621,2024-1182-1158,0.31
622,2024-1182-1159,0.38
623,2024-1182-1253,0.42
624,2024-1182-1224,0.53
625,2024-1182-1447,0.54
626,2024-1194-1314,0.2
627,2024-1194-1112,0.18
628,2024-1194-1124,0.18
629,2024-1194-1104,0.23
630,2024-1194-1388,0.25
631,2024-1194-1155,0.41
632,2024-1194-1173,0.39
633,2024-1194-1280,0.32
634,2024-1194-1277,0.25
635,2024-1194-1305,0.4
636,2024-1194-1307,0.3
637,2024-1194-1213,0.36
638,2024-1194-1158,0.43
639,2024-1194-1159,0.56
640,2024-1194-1253,0.6
641,2024-1194-1224,0.56
642,2024-1194-1447,0.59
643,2024-1228-1314,0.35
644,2024-1228-1112,0.32
645,2024-1228-1124,0.32
646,2024-1228-1104,0.38
647,2024-1228-1388,0.42
648,2024-1228-1155,0.4
649,2024-1228-1173,0.4
650,2024-1228-1280,0.42
651,2024-1228-1277,0.34
652,2024-1228-1305,0.4
653,2024-1228-1307,0.46
654,2024-1228-1213,0.49
655,2024-1228-1158,0.78
656,2024-1228-1159,0.84
657,2024-1228-1253,0.79
658,2024-1228-1224,0.84
659,2024-1228-1447,0.87
660,2024-1235-1314,0.32
661,2024-1235-1112,0.35
662,2024-1235-1124,0.32
663,2024-1235-1104,0.29
664,2024-1235-1388,0.37
665,2024-1235-1155,0.56
666,2024-1235-1173,0.52
667,2024-1235-1280,0.44
668,2024-1235-1277,0.32
669,2024-1235-1305,0.52
670,2024-1235-1307,0.35
671,2024-1235-1213,0.53
672,2024-1235-1158,0.73
673,2024-1235-1159,0.79
674,2024-1235-1253,0.77
675,2024-1235-1224,0.82
676,2024-1235-1447,0.83
677,2024-1287-1314,0.12000000000000001
678,2024-1287-1112,0.12000000000000001
679,2024-1287-1124,0.11
680,2024-1287-1104,0.19
681,2024-1287-1388,0.18
682,2024-1287-1155,0.19
683,2024-1287-1173,0.13
684,2024-1287-1280,0.17
685,2024-1287-1277,0.18
686,2024-1287-1305,0.11
687,2024-1287-1307,0.13
688,2024-1287-1213,0.18
689,2024-1287-1158,0.37
690,2024-1287-1159,0.4
691,2024-1287-1253,0.45
692,2024-1287-1224,0.56
693,2024-1287-1447,0.57
694,2024-1321-1314,0.29
695,2024-1321-1112,0.28
696,2024-1321-1124,0.28
697,2024-1321-1104,0.3
698,2024-1321-1388,0.31
699,2024-1321-1155,0.43
700,2024-1321-1173,0.43
701,2024-1321-1280,0.36
702,2024-1321-1277,0.31
703,2024-1321-1305,0.43
704,2024-1321-1307,0.38
705,2024-1321-1213,0.55
706,2024-1321-1158,0.69
707,2024-1321-1159,0.82
708,2024-1321-1253,0.83
709,2024-1321-1224,0.81
710,2024-1321-1447,0.81
711,2024-1355-1314,0.18
712,2024-1355-1112,0.16
713,2024-1355-1124,0.18
714,2024-1355-1104,0.18
715,2024-1355-1388,0.1
716,2024-1355-1155,0.18
717,2024-1355-1173,0.16
718,2024-1355-1280,0.15
719,2024-1355-1277,0.18
720,2024-1355-1305,0.16
721,2024-1355-1307,0.23
722,2024-1355-1213,0.24
723,2024-1355-1158,0.32
724,2024-1355-1159,0.37
725,2024-1355-1253,0.34
726,2024-1355-1224,0.33
727,2024-1355-1447,0.44
728,2024-1361-1314,0.336
729,2024-1361-1112,0.328
730,2024-1361-1124,0.35200000000000004
731,2024-1361-1104,0.36000000000000004
732,2024-1361-1388,0.34400000000000003
733,2024-1361-1155,0.41600000000000004
734,2024-1361-1173,0.41600000000000004
735,2024-1361-1280,0.36800000000000005
736,2024-1361-1277,0.384
737,2024-1361-1305,0.41600000000000004
738,2024-1361-1307,0.296
739,2024-1361-1213,0.392
740,2024-1361-1158,0.472
741,2024-1361-1159,0.472
742,2024-1361-1253,0.46399999999999997
743,2024-1361-1224,0.536
744,2024-1361-1447,0.536
745,2024-1391-1314,0.1
746,2024-1391-1112,0.1
747,2024-1391-1124,0.1
748,2024-1391-1104,0.1
749,2024-1391-1388,0.1
750,2024-1391-1155,0.1
751,2024-1391-1173,0.1
752,2024-1391-1280,0.11
753,2024-1391-1277,0.1
754,2024-1391-1305,0.1
755,2024-1391-1307,0.11
756,2024-1391-1213,0.1
757,2024-1391-1158,0.18
758,2024-1391-1159,0.1
759,2024-1391-1253,0.28
760,2024-1391-1224,0.54
761,2024-1391-1447,0.57
762,2024-1412-1314,0.11
763,2024-1412-1112,0.12000000000000001
764,2024-1412-1124,0.12000000000000001
765,2024-1412-1104,0.12000000000000001
766,2024-1412-1388,0.12000000000000001
767,2024-1412-1155,0.17
768,2024-1412-1173,0.18
769,2024-1412-1280,0.12000000000000001
770,2024-1412-1277,0.12000000000000001
771,2024-1412-1305,0.18
772,2024-1412-1307,0.13
773,2024-1412-1213,0.22
774,2024-1412-1158,0.39
775,2024-1412-1159,0.35
776,2024-1412-1253,0.32
777,2024-1412-1224,0.47
778,2024-1412-1447,0.49
779,2024-1450-1314,0.192
780,2024-1450-1112,0.16000000000000003
781,2024-1450-1124,0.256
782,2024-1450-1104,0.256
783,2024-1450-1388,0.22400000000000003
784,2024-1450-1155,0.256
785,2024-1450-1173,0.264
786,2024-1450-1280,0.27999999999999997
787,2024-1450-1277,0.22400000000000003
788,2024-1450-1305,0.256
789,2024-1450-1307,0.24
790,2024-1450-1213,0.45599999999999996
791,2024-1450-1158,0.576
792,2024-1450-1159,0.592
793,2024-1450-1253,0.6080000000000001
794,2024-1450-1224,0.6160000000000001
795,2024-1450-1447,0.6240000000000001
796,2024-1463-1314,0.17
797,2024-1463-1112,0.15000000000000002
798,2024-1463-1124,0.11
799,2024-1463-1104,0.15
800,2024-1463-1388,0.19
801,2024-1463-1155,0.11
802,2024-1463-1173,0.11
803,2024-1463-1280,0.16
804,2024-1463-1277,0.11
805,2024-1463-1305,0.11
806,2024-1463-1307,0.12
807,2024-1463-1213,0.11
808,2024-1463-1158,0.26
809,2024-1463-1159,0.37
810,2024-1463-1253,0.45
811,2024-1463-1224,0.54
812,2024-1463-1447,0.56
813,2024-1103-1222,0.12
814,2024-1103-1266,0.1
815,2024-1103-1246,0.17
816,2024-1103-1181,0.1
817,2024-1103-1458,0.18
818,2024-1103-1403,0.12
819,2024-1103-1196,0.11
820,2024-1103-1304,0.12
821,2024-1103-1401,0.11
822,2024-1103-1129,0.11
823,2024-1103-1160,0.12
824,2024-1103-1301,0.29
825,2024-1103-1241,0.28
826,2024-1103-1436,0.3
827,2024-1103-1324,0.31
828,2024-1103-1443,0.28
829,2024-1103-1255,0.33
830,2024-1161-1222,0.18
831,2024-1161-1266,0.2
832,2024-1161-1246,0.29
833,2024-1161-1181,0.17
834,2024-1161-1458,0.36
835,2024-1161-1403,0.35
836,2024-1161-1196,0.46
837,2024-1161-1304,0.36
838,2024-1161-1401,0.5
839,2024-1161-1129,0.48
840,2024-1161-1160,0.36
841,2024-1161-1301,0.63
842,2024-1161-1241,0.63
843,2024-1161-1436,0.68
844,2024-1161-1324,0.77
845,2024-1161-1443,0.73
846,2024-1161-1255,0.79
847,2024-1166-1222,0.31
848,2024-1166-1266,0.27
849,2024-1166-1246,0.44
850,2024-1166-1181,0.37
851,2024-1166-1458,0.45
852,2024-1166-1403,0.46
853,2024-1166-1196,0.48
854,2024-1166-1304,0.47
855,2024-1166-1401,0.59
856,2024-1166-1129,0.55
857,2024-1166-1160,0.47
858,2024-1166-1301,0.69
859,2024-1166-1241,0.7
860,2024-1166-1436,0.79
861,2024-1166-1324,0.8
862,2024-1166-1443,0.81
863,2024-1166-1255,0.77
864,2024-1211-1222,0.296
865,2024-1211-1266,0.296
866,2024-1211-1246,0.45599999999999996
867,2024-1211-1181,0.30400000000000005
868,2024-1211-1458,0.45599999999999996
869,2024-1211-1403,0.4
870,2024-1211-1196,0.392
871,2024-1211-1304,0.4
872,2024-1211-1401,0.43200000000000005
873,2024-1211-1129,0.42400000000000004
874,2024-1211-1160,0.4
875,2024-1211-1301,0.488
876,2024-1211-1241,0.496
877,2024-1211-1436,0.576
878,2024-1211-1324,0.592
879,2024-1211-1443,0.592
880,2024-1211-1255,0.584
881,2024-1212-1222,0.16
882,2024-1212-1266,0.12000000000000001
883,2024-1212-1246,0.12000000000000001
884,2024-1212-1181,0.12000000000000001
885,2024-1212-1458,0.12000000000000001
886,2024-1212-1403,0.12000000000000001
887,2024-1212-1196,0.12000000000000001
888,2024-1212-1304,0.12000000000000001
889,2024-1212-1401,0.12000000000000001
890,2024-1212-1129,0.12000000000000001
891,2024-1212-1160,0.12000000000000001
892,2024-1212-1301,0.12000000000000001
893,2024-1212-1241,0.12000000000000001
894,2024-1212-1436,0.13
895,2024-1212-1324,0.18
896,2024-1212-1443,0.18
897,2024-1212-1255,0.29
898,2024-1242-1222,0.35
899,2024-1242-1266,0.4
900,2024-1242-1246,0.35
901,2024-1242-1181,0.45
902,2024-1242-1458,0.39
903,2024-1242-1403,0.36
904,2024-1242-1196,0.41
905,2024-1242-1304,0.35
906,2024-1242-1401,0.46
907,2024-1242-1129,0.44
908,2024-1242-1160,0.36
909,2024-1242-1301,0.46
910,2024-1242-1241,0.48
911,2024-1242-1436,0.8
912,2024-1242-1324,0.77
913,2024-1242-1443,0.76
914,2024-1242-1255,0.77
915,2024-1270-1222,0.14
916,2024-1270-1266,0.22
917,2024-1270-1246,0.4
918,2024-1270-1181,0.16
919,2024-1270-1458,0.35
920,2024-1270-1403,0.36
921,2024-1270-1196,0.38
922,2024-1270-1304,0.36
923,2024-1270-1401,0.4
924,2024-1270-1129,0.4
925,2024-1270-1160,0.36
926,2024-1270-1301,0.32
927,2024-1270-1241,0.32
928,2024-1270-1436,0.37
929,2024-1270-1324,0.41
930,2024-1270-1443,0.39
931,2024-1270-1255,0.45
932,2024-1286-1222,0.15200000000000002
933,2024-1286-1266,0.136
934,2024-1286-1246,0.136
935,2024-1286-1181,0.136
936,2024-1286-1458,0.136
937,2024-1286-1403,0.136
938,2024-1286-1196,0.136
939,2024-1286-1304,0.136
940,2024-1286-1401,0.136
941,2024-1286-1129,0.136
942,2024-1286-1160,0.136
943,2024-1286-1301,0.096
944,2024-1286-1241,0.096
945,2024-1286-1436,0.17600000000000002
946,2024-1286-1324,0.30400000000000005
947,2024-1286-1443,0.296
948,2024-1286-1255,0.35200000000000004
949,2024-1332-1222,0.128
950,2024-1332-1266,0.27999999999999997
951,2024-1332-1246,0.288
952,2024-1332-1181,0.264
953,2024-1332-1458,0.31200000000000006
954,2024-1332-1403,0.32000000000000006
955,2024-1332-1196,0.288
956,2024-1332-1304,0.336
957,2024-1332-1401,0.264
958,2024-1332-1129,0.27999999999999997
959,2024-1332-1160,0.336
960,2024-1332-1301,0.24
961,2024-1332-1241,0.21600000000000003
962,2024-1332-1436,0.392
963,2024-1332-1324,0.512
964,2024-1332-1443,0.512
965,2024-1332-1255,0.5599999999999999
966,2024-1345-1222,0.44
967,2024-1345-1266,0.38
968,2024-1345-1246,0.53
969,2024-1345-1181,0.38
970,2024-1345-1458,0.46
971,2024-1345-1403,0.56
972,2024-1345-1196,0.62
973,2024-1345-1304,0.56
974,2024-1345-1401,0.74
975,2024-1345-1129,0.73
976,2024-1345-1160,0.56
977,2024-1345-1301,0.77
978,2024-1345-1241,0.77
979,2024-1345-1436,0.8
980,2024-1345-1324,0.84
981,2024-1345-1443,0.84
982,2024-1345-1255,0.85
983,2024-1359-1222,0.18
984,2024-1359-1266,0.12
985,2024-1359-1246,0.13
986,2024-1359-1181,0.19
987,2024-1359-1458,0.12
988,2024-1359-1403,0.17
989,2024-1359-1196,0.2
990,2024-1359-1304,0.17
991,2024-1359-1401,0.19
992,2024-1359-1129,0.18
993,2024-1359-1160,0.17
994,2024-1359-1301,0.33
995,2024-1359-1241,0.33
996,2024-1359-1436,0.2
997,2024-1359-1324,0.33
998,2024-1359-1443,0.33
999,2024-1359-1255,0.42
1000,2024-1376-1222,0.19
1001,2024-1376-1266,0.23
1002,2024-1376-1246,0.28
1003,2024-1376-1181,0.24
1004,2024-1376-1458,0.36
1005,2024-1376-1403,0.29
1006,2024-1376-1196,0.3
1007,2024-1376-1304,0.28
1008,2024-1376-1401,0.42
1009,2024-1376-1129,0.37
1010,2024-1376-1160,0.29
1011,2024-1376-1301,0.5
1012,2024-1376-1241,0.52
1013,2024-1376-1436,0.54
1014,2024-1376-1324,0.68
1015,2024-1376-1443,0.7
1016,2024-1376-1255,0.74
1017,2024-1389-1222,0.14
1018,2024-1389-1266,0.13
1019,2024-1389-1246,0.13
1020,2024-1389-1181,0.13
1021,2024-1389-1458,0.13
1022,2024-1389-1403,0.13
1023,2024-1389-1196,0.13
1024,2024-1389-1304,0.13
1025,2024-1389-1401,0.13
1026,2024-1389-1129,0.14
1027,2024-1389-1160,0.13
1028,2024-1389-1301,0.21
1029,2024-1389-1241,0.21
1030,2024-1389-1436,0.34
1031,2024-1389-1324,0.4
1032,2024-1389-1443,0.39
1033,2024-1389-1255,0.49
1034,2024-1395-1222,0.14
1035,2024-1395-1266,0.22
1036,2024-1395-1246,0.21
1037,2024-1395-1181,0.2
1038,2024-1395-1458,0.2
1039,2024-1395-1403,0.21
1040,2024-1395-1196,0.2
1041,2024-1395-1304,0.21
1042,2024-1395-1401,0.46
1043,2024-1395-1129,0.33
1044,2024-1395-1160,0.21
1045,2024-1395-1301,0.75
1046,2024-1395-1241,0.71
1047,2024-1395-1436,0.77
1048,2024-1395-1324,0.76
1049,2024-1395-1443,0.76
1050,2024-1395-1255,0.74
1051,2024-1397-1222,0.46
1052,2024-1397-1266,0.32
1053,2024-1397-1246,0.26
1054,2024-1397-1181,0.34
1055,2024-1397-1458,0.3
1056,2024-1397-1403,0.35
1057,2024-1397-1196,0.34
1058,2024-1397-1304,0.35
1059,2024-1397-1401,0.49
1060,2024-1397-1129,0.45
1061,2024-1397-1160,0.35
1062,2024-1397-1301,0.54
1063,2024-1397-1241,0.54
1064,2024-1397-1436,0.54
1065,2024-1397-1324,0.5
1066,2024-1397-1443,0.5
1067,2024-1397-1255,0.6
1068,2024-1400-1222,0.16
1069,2024-1400-1266,0.34
1070,2024-1400-1246,0.28
1071,2024-1400-1181,0.23
1072,2024-1400-1458,0.29
1073,2024-1400-1403,0.3
1074,2024-1400-1196,0.31
1075,2024-1400-1304,0.3
1076,2024-1400-1401,0.41
1077,2024-1400-1129,0.41
1078,2024-1400-1160,0.3
1079,2024-1400-1301,0.47
1080,2024-1400-1241,0.47
1081,2024-1400-1436,0.7
1082,2024-1400-1324,0.74
1083,2024-1400-1443,0.71
1084,2024-1400-1255,0.77
1085,2024-1429-1222,0.16000000000000003
1086,2024-1429-1266,0.21600000000000003
1087,2024-1429-1246,0.248
1088,2024-1429-1181,0.24
1089,2024-1429-1458,0.272
1090,2024-1429-1403,0.272
1091,2024-1429-1196,0.296
1092,2024-1429-1304,0.272
1093,2024-1429-1401,0.36000000000000004
1094,2024-1429-1129,0.34400000000000003
1095,2024-1429-1160,0.272
1096,2024-1429-1301,0.36800000000000005
1097,2024-1429-1241,0.4
1098,2024-1429-1436,0.472
1099,2024-1429-1324,0.576
1100,2024-1429-1443,0.568
1101,2024-1429-1255,0.6160000000000001
1102,2024-1438-1222,0.3
1103,2024-1438-1266,0.3
1104,2024-1438-1246,0.39
1105,2024-1438-1181,0.27
1106,2024-1438-1458,0.41
1107,2024-1438-1403,0.4
1108,2024-1438-1196,0.38
1109,2024-1438-1304,0.4
1110,2024-1438-1401,0.35
1111,2024-1438-1129,0.34
1112,2024-1438-1160,0.4
1113,2024-1438-1301,0.34
1114,2024-1438-1241,0.35
1115,2024-1438-1436,0.43
1116,2024-1438-1324,0.43
1117,2024-1438-1443,0.45
1118,2024-1438-1255,0.43
1119,2024-1104-1345,0.22
1120,2024-1104-1397,0.26
1121,2024-1104-1166,0.35
1122,2024-1104-1242,0.39
1123,2024-1104-1211,0.35
1124,2024-1104-1376,0.49
1125,2024-1104-1400,0.44
1126,2024-1104-1429,0.49
1127,2024-1104-1395,0.47
1128,2024-1104-1161,0.49
1129,2024-1104-1438,0.64
1130,2024-1104-1332,0.57
1131,2024-1104-1270,0.66
1132,2024-1104-1359,0.77
1133,2024-1104-1103,0.8
1134,2024-1104-1389,0.79
1135,2024-1104-1212,0.76
1136,2024-1104-1286,0.79
1137,2024-1104-1222,0.17
1138,2024-1104-1266,0.37
1139,2024-1104-1246,0.41
1140,2024-1104-1181,0.3
1141,2024-1104-1458,0.37
1142,2024-1104-1403,0.44
1143,2024-1104-1196,0.45
1144,2024-1104-1304,0.44
1145,2024-1104-1401,0.48
1146,2024-1104-1129,0.49
1147,2024-1104-1160,0.44
1148,2024-1104-1301,0.64
1149,2024-1104-1241,0.64
1150,2024-1104-1436,0.79
1151,2024-1104-1324,0.81
1152,2024-1104-1443,0.81
1153,2024-1104-1255,0.81
1154,2024-1112-1345,0.392
1155,2024-1112-1397,0.4
1156,2024-1112-1166,0.40800000000000003
1157,2024-1112-1242,0.536
1158,2024-1112-1211,0.512
1159,2024-1112-1376,0.592
1160,2024-1112-1400,0.5599999999999999
1161,2024-1112-1429,0.592
1162,2024-1112-1395,0.544
1163,2024-1112-1161,0.536
1164,2024-1112-1438,0.592
1165,2024-1112-1332,0.592
1166,2024-1112-1270,0.568
1167,2024-1112-1359,0.584
1168,2024-1112-1103,0.584
1169,2024-1112-1389,0.6320000000000001
1170,2024-1112-1212,0.672
1171,2024-1112-1286,0.6400000000000001
1172,2024-1112-1222,0.32000000000000006
1173,2024-1112-1266,0.42400000000000004
1174,2024-1112-1246,0.568
1175,2024-1112-1181,0.34400000000000003
1176,2024-1112-1458,0.536
1177,2024-1112-1403,0.5519999999999999
1178,2024-1112-1196,0.5599999999999999
1179,2024-1112-1304,0.5599999999999999
1180,2024-1112-1401,0.5599999999999999
1181,2024-1112-1129,0.536
1182,2024-1112-1160,0.5599999999999999
1183,2024-1112-1301,0.592
1184,2024-1112-1241,0.568
1185,2024-1112-1436,0.584
1186,2024-1112-1324,0.6160000000000001
1187,2024-1112-1443,0.6160000000000001
1188,2024-1112-1255,0.6320000000000001
1189,2024-1120-1345,0.5
1190,2024-1120-1397,0.37
1191,2024-1120-1166,0.3
1192,2024-1120-1242,0.5
1193,2024-1120-1211,0.49
1194,2024-1120-1376,0.68
1195,2024-1120-1400,0.65
1196,2024-1120-1429,0.68
1197,2024-1120-1395,0.68
1198,2024-1120-1161,0.68
1199,2024-1120-1438,0.68
1200,2024-1120-1332,0.67
1201,2024-1120-1270,0.68
1202,2024-1120-1359,0.74
1203,2024-1120-1103,0.75
1204,2024-1120-1389,0.8
1205,2024-1120-1212,0.9
1206,2024-1120-1286,0.85
1207,2024-1120-1222,0.56
1208,2024-1120-1266,0.32
1209,2024-1120-1246,0.55
1210,2024-1120-1181,0.33
1211,2024-1120-1458,0.51
1212,2024-1120-1403,0.62
1213,2024-1120-1196,0.67
1214,2024-1120-1304,0.63
1215,2024-1120-1401,0.7
1216,2024-1120-1129,0.7
1217,2024-1120-1160,0.63
1218,2024-1120-1301,0.68
1219,2024-1120-1241,0.68
1220,2024-1120-1436,0.71
1221,2024-1120-1324,0.81
1222,2024-1120-1443,0.81
1223,2024-1120-1255,0.8
1224,2024-1124-1345,0.24
1225,2024-1124-1397,0.36
1226,2024-1124-1166,0.47
1227,2024-1124-1242,0.49
1228,2024-1124-1211,0.46
1229,2024-1124-1376,0.43
1230,2024-1124-1400,0.47
1231,2024-1124-1429,0.44
1232,2024-1124-1395,0.44
1233,2024-1124-1161,0.41
1234,2024-1124-1438,0.6
1235,2024-1124-1332,0.6
1236,2024-1124-1270,0.62
1237,2024-1124-1359,0.8
1238,2024-1124-1103,0.79
1239,2024-1124-1389,0.77
1240,2024-1124-1212,0.71
1241,2024-1124-1286,0.78
1242,2024-1124-1222,0.22
1243,2024-1124-1266,0.48
1244,2024-1124-1246,0.46
1245,2024-1124-1181,0.45
1246,2024-1124-1458,0.49
1247,2024-1124-1403,0.46
1248,2024-1124-1196,0.45
1249,2024-1124-1304,0.46
1250,2024-1124-1401,0.4
1251,2024-1124-1129,0.41
1252,2024-1124-1160,0.46
1253,2024-1124-1301,0.6
1254,2024-1124-1241,0.61
1255,2024-1124-1436,0.8
1256,2024-1124-1324,0.78
1257,2024-1124-1443,0.78
1258,2024-1124-1255,0.78
1259,2024-1140-1345,0.17600000000000002
1260,2024-1140-1397,0.192
1261,2024-1140-1166,0.248
1262,2024-1140-1242,0.264
1263,2024-1140-1211,0.264
1264,2024-1140-1376,0.44000000000000006
1265,2024-1140-1400,0.40800000000000003
1266,2024-1140-1429,0.44000000000000006
1267,2024-1140-1395,0.384
1268,2024-1140-1161,0.512
1269,2024-1140-1438,0.45599999999999996
1270,2024-1140-1332,0.48
1271,2024-1140-1270,0.44000000000000006
1272,2024-1140-1359,0.5519999999999999
1273,2024-1140-1103,0.568
1274,2024-1140-1389,0.5519999999999999
1275,2024-1140-1212,0.5599999999999999
1276,2024-1140-1286,0.568
1277,2024-1140-1222,0.08800000000000001
1278,2024-1140-1266,0.24
1279,2024-1140-1246,0.328
1280,2024-1140-1181,0.23199999999999998
1281,2024-1140-1458,0.24
1282,2024-1140-1403,0.41600000000000004
1283,2024-1140-1196,0.4
1284,2024-1140-1304,0.40800000000000003
1285,2024-1140-1401,0.48
1286,2024-1140-1129,0.512
1287,2024-1140-1160,0.41600000000000004
1288,2024-1140-1301,0.44000000000000006
1289,2024-1140-1241,0.44000000000000006
1290,2024-1140-1436,0.52
1291,2024-1140-1324,0.568
1292,2024-1140-1443,0.568
1293,2024-1140-1255,0.576
1294,2024-1155-1345,0.1
1295,2024-1155-1397,0.16
1296,2024-1155-1166,0.22
1297,2024-1155-1242,0.37
1298,2024-1155-1211,0.38
1299,2024-1155-1376,0.4
1300,2024-1155-1400,0.32
1301,2024-1155-1429,0.4
1302,2024-1155-1395,0.32
1303,2024-1155-1161,0.27
1304,2024-1155-1438,0.62
1305,2024-1155-1332,0.57
1306,2024-1155-1270,0.61
1307,2024-1155-1359,0.55
1308,2024-1155-1103,0.74
1309,2024-1155-1389,0.77
1310,2024-1155-1212,0.73
1311,2024-1155-1286,0.76
1312,2024-1155-1222,0.15
1313,2024-1155-1266,0.24
1314,2024-1155-1246,0.35
1315,2024-1155-1181,0.18
1316,2024-1155-1458,0.36
1317,2024-1155-1403,0.32
1318,2024-1155-1196,0.31
1319,2024-1155-1304,0.32
1320,2024-1155-1401,0.3
1321,2024-1155-1129,0.26
1322,2024-1155-1160,0.32
1323,2024-1155-1301,0.61
1324,2024-1155-1241,0.6
1325,2024-1155-1436,0.7
1326,2024-1155-1324,0.77
1327,2024-1155-1443,0.76
1328,2024-1155-1255,0.78
1329,2024-1158-1345,0.15000000000000002
1330,2024-1158-1397,0.14
1331,2024-1158-1166,0.19
1332,2024-1158-1242,0.17
1333,2024-1158-1211,0.19
1334,2024-1158-1376,0.4
1335,2024-1158-1400,0.19
1336,2024-1158-1429,0.41
1337,2024-1158-1395,0.13
1338,2024-1158-1161,0.17
1339,2024-1158-1438,0.37
1340,2024-1158-1332,0.4
1341,2024-1158-1270,0.37
1342,2024-1158-1359,0.4
1343,2024-1158-1103,0.27
1344,2024-1158-1389,0.48
1345,2024-1158-1212,0.54
1346,2024-1158-1286,0.48
1347,2024-1158-1222,0.14
1348,2024-1158-1266,0.19
1349,2024-1158-1246,0.1
1350,2024-1158-1181,0.17
1351,2024-1158-1458,0.17
1352,2024-1158-1403,0.18
1353,2024-1158-1196,0.11
1354,2024-1158-1304,0.18
1355,2024-1158-1401,0.2
1356,2024-1158-1129,0.17
1357,2024-1158-1160,0.18
1358,2024-1158-1301,0.37
1359,2024-1158-1241,0.36
1360,2024-1158-1436,0.37
1361,2024-1158-1324,0.38
1362,2024-1158-1443,0.34
1363,2024-1158-1255,0.4
1364,2024-1159-1345,0.14
1365,2024-1159-1397,0.14
1366,2024-1159-1166,0.15000000000000002
1367,2024-1159-1242,0.14
1368,2024-1159-1211,0.14
1369,2024-1159-1376,0.13
1370,2024-1159-1400,0.16
1371,2024-1159-1429,0.13
1372,2024-1159-1395,0.15
1373,2024-1159-1161,0.16
1374,2024-1159-1438,0.19
1375,2024-1159-1332,0.19
1376,2024-1159-1270,0.18
1377,2024-1159-1359,0.3
1378,2024-1159-1103,0.36
1379,2024-1159-1389,0.38
1380,2024-1159-1212,0.52
1381,2024-1159-1286,0.42
1382,2024-1159-1222,0.14
1383,2024-1159-1266,0.15000000000000002
1384,2024-1159-1246,0.18
1385,2024-1159-1181,0.15000000000000002
1386,2024-1159-1458,0.14
1387,2024-1159-1403,0.18
1388,2024-1159-1196,0.15
1389,2024-1159-1304,0.19
1390,2024-1159-1401,0.15
1391,2024-1159-1129,0.14
1392,2024-1159-1160,0.19
1393,2024-1159-1301,0.2
1394,2024-1159-1241,0.18
1395,2024-1159-1436,0.29
1396,2024-1159-1324,0.45
1397,2024-1159-1443,0.45
1398,2024-1159-1255,0.42
1399,2024-1163-1345,0.28
1400,2024-1163-1397,0.26
1401,2024-1163-1166,0.46
1402,2024-1163-1242,0.66
1403,2024-1163-1211,0.61
1404,2024-1163-1376,0.71
1405,2024-1163-1400,0.63
1406,2024-1163-1429,0.72
1407,2024-1163-1395,0.68
1408,2024-1163-1161,0.69
1409,2024-1163-1438,0.7
1410,2024-1163-1332,0.7
1411,2024-1163-1270,0.7
1412,2024-1163-1359,0.68
1413,2024-1163-1103,0.75
1414,2024-1163-1389,0.8
1415,2024-1163-1212,0.83
1416,2024-1163-1286,0.81
1417,2024-1163-1222,0.51
1418,2024-1163-1266,0.47
1419,2024-1163-1246,0.63
1420,2024-1163-1181,0.35
1421,2024-1163-1458,0.64
1422,2024-1163-1403,0.62
1423,2024-1163-1196,0.64
1424,2024-1163-1304,0.62
1425,2024-1163-1401,0.71
1426,2024-1163-1129,0.69
1427,2024-1163-1160,0.62
1428,2024-1163-1301,0.7
1429,2024-1163-1241,0.69
1430,2024-1163-1436,0.7
1431,2024-1163-1324,0.71
1432,2024-1163-1443,0.74
1433,2024-1163-1255,0.75
1434,2024-1173-1345,0.23
1435,2024-1173-1397,0.32
1436,2024-1173-1166,0.32
1437,2024-1173-1242,0.3
1438,2024-1173-1211,0.3
1439,2024-1173-1376,0.39
1440,2024-1173-1400,0.36
1441,2024-1173-1429,0.38
1442,2024-1173-1395,0.41
1443,2024-1173-1161,0.35
1444,2024-1173-1438,0.56
1445,2024-1173-1332,0.52
1446,2024-1173-1270,0.54
1447,2024-1173-1359,0.68
1448,2024-1173-1103,0.79
1449,2024-1173-1389,0.76
1450,2024-1173-1212,0.74
1451,2024-1173-1286,0.75
1452,2024-1173-1222,0.25
1453,2024-1173-1266,0.31
1454,2024-1173-1246,0.35
1455,2024-1173-1181,0.31
1456,2024-1173-1458,0.3
1457,2024-1173-1403,0.37
1458,2024-1173-1196,0.39
1459,2024-1173-1304,0.37
1460,2024-1173-1401,0.4
1461,2024-1173-1129,0.34
1462,2024-1173-1160,0.37
1463,2024-1173-1301,0.56
1464,2024-1173-1241,0.56
1465,2024-1173-1436,0.8
1466,2024-1173-1324,0.77
1467,2024-1173-1443,0.77
1468,2024-1173-1255,0.78
1469,2024-1179-1345,0.23
1470,2024-1179-1397,0.22
1471,2024-1179-1166,0.32
1472,2024-1179-1242,0.2
1473,2024-1179-1211,0.33
1474,2024-1179-1376,0.28
1475,2024-1179-1400,0.23
1476,2024-1179-1429,0.27
1477,2024-1179-1395,0.22
1478,2024-1179-1161,0.23
1479,2024-1179-1438,0.44
1480,2024-1179-1332,0.44
1481,2024-1179-1270,0.46
1482,2024-1179-1359,0.51
1483,2024-1179-1103,0.55
1484,2024-1179-1389,0.72
1485,2024-1179-1212,0.62
1486,2024-1179-1286,0.69
1487,2024-1179-1222,0.19
1488,2024-1179-1266,0.35
1489,2024-1179-1246,0.22
1490,2024-1179-1181,0.32
1491,2024-1179-1458,0.28
1492,2024-1179-1403,0.21
1493,2024-1179-1196,0.23
1494,2024-1179-1304,0.21
1495,2024-1179-1401,0.24
1496,2024-1179-1129,0.23
1497,2024-1179-1160,0.21
1498,2024-1179-1301,0.45
1499,2024-1179-1241,0.46
1500,2024-1179-1436,0.53
1501,2024-1179-1324,0.61
1502,2024-1179-1443,0.62
1503,2024-1179-1255,0.7
1504,2024-1182-1345,0.14
1505,2024-1182-1397,0.15
1506,2024-1182-1166,0.23
1507,2024-1182-1242,0.19
1508,2024-1182-1211,0.19
1509,2024-1182-1376,0.35
1510,2024-1182-1400,0.22
1511,2024-1182-1429,0.34
1512,2024-1182-1395,0.44
1513,2024-1182-1161,0.43
1514,2024-1182-1438,0.38
1515,2024-1182-1332,0.38
1516,2024-1182-1270,0.4
1517,2024-1182-1359,0.32
1518,2024-1182-1103,0.28
1519,2024-1182-1389,0.46
1520,2024-1182-1212,0.53
1521,2024-1182-1286,0.49
1522,2024-1182-1222,0.12
1523,2024-1182-1266,0.17
1524,2024-1182-1246,0.21
1525,2024-1182-1181,0.14
1526,2024-1182-1458,0.16
1527,2024-1182-1403,0.2
1528,2024-1182-1196,0.5
1529,2024-1182-1304,0.2
1530,2024-1182-1401,0.4
1531,2024-1182-1129,0.43
1532,2024-1182-1160,0.2
1533,2024-1182-1301,0.38
1534,2024-1182-1241,0.4
1535,2024-1182-1436,0.31
1536,2024-1182-1324,0.37
1537,2024-1182-1443,0.35
1538,2024-1182-1255,0.41
1539,2024-1194-1345,0.21
1540,2024-1194-1397,0.2
1541,2024-1194-1166,0.18
1542,2024-1194-1242,0.23
1543,2024-1194-1211,0.22
1544,2024-1194-1376,0.38
1545,2024-1194-1400,0.32
1546,2024-1194-1429,0.37
1547,2024-1194-1395,0.31
1548,2024-1194-1161,0.4
1549,2024-1194-1438,0.31
1550,2024-1194-1332,0.31
1551,2024-1194-1270,0.29
1552,2024-1194-1359,0.36
1553,2024-1194-1103,0.51
1554,2024-1194-1389,0.59
1555,2024-1194-1212,0.56
1556,2024-1194-1286,0.6
1557,2024-1194-1222,0.17
1558,2024-1194-1266,0.16
1559,2024-1194-1246,0.31
1560,2024-1194-1181,0.19
1561,2024-1194-1458,0.24
1562,2024-1194-1403,0.31
1563,2024-1194-1196,0.32
1564,2024-1194-1304,0.31
1565,2024-1194-1401,0.38
1566,2024-1194-1129,0.4
1567,2024-1194-1160,0.31
1568,2024-1194-1301,0.31
1569,2024-1194-1241,0.3
1570,2024-1194-1436,0.43
1571,2024-1194-1324,0.55
1572,2024-1194-1443,0.54
1573,2024-1194-1255,0.59
1574,2024-1213-1345,0.15200000000000002
1575,2024-1213-1397,0.15200000000000002
1576,2024-1213-1166,0.27999999999999997
1577,2024-1213-1242,0.23199999999999998
1578,2024-1213-1211,0.256
1579,2024-1213-1376,0.35200000000000004
1580,2024-1213-1400,0.32000000000000006
1581,2024-1213-1429,0.35200000000000004
1582,2024-1213-1395,0.288
1583,2024-1213-1161,0.34400000000000003
1584,2024-1213-1438,0.32000000000000006
1585,2024-1213-1332,0.31200000000000006
1586,2024-1213-1270,0.31200000000000006
1587,2024-1213-1359,0.256
1588,2024-1213-1103,0.34400000000000003
1589,2024-1213-1389,0.36800000000000005
1590,2024-1213-1212,0.336
1591,2024-1213-1286,0.328
1592,2024-1213-1222,0.11200000000000002
1593,2024-1213-1266,0.256
1594,2024-1213-1246,0.23199999999999998
1595,2024-1213-1181,0.168
1596,2024-1213-1458,0.22400000000000003
1597,2024-1213-1403,0.248
1598,2024-1213-1196,0.31200000000000006
1599,2024-1213-1304,0.264
1600,2024-1213-1401,0.34400000000000003
1601,2024-1213-1129,0.34400000000000003
1602,2024-1213-1160,0.256
1603,2024-1213-1301,0.31200000000000006
1604,2024-1213-1241,0.32000000000000006
1605,2024-1213-1436,0.272
1606,2024-1213-1324,0.328
1607,2024-1213-1443,0.32000000000000006
1608,2024-1213-1255,0.35200000000000004
1609,2024-1224-1345,0.13
1610,2024-1224-1397,0.12000000000000001
1611,2024-1224-1166,0.12000000000000001
1612,2024-1224-1242,0.12000000000000001
1613,2024-1224-1211,0.12000000000000001
1614,2024-1224-1376,0.12000000000000001
1615,2024-1224-1400,0.12000000000000001
1616,2024-1224-1429,0.12000000000000001
1617,2024-1224-1395,0.12000000000000001
1618,2024-1224-1161,0.12000000000000001
1619,2024-1224-1438,0.12000000000000001
1620,2024-1224-1332,0.12000000000000001
1621,2024-1224-1270,0.12000000000000001
1622,2024-1224-1359,0.14
1623,2024-1224-1103,0.17
1624,2024-1224-1389,0.16
1625,2024-1224-1212,0.44
1626,2024-1224-1286,0.31
1627,2024-1224-1222,0.16
1628,2024-1224-1266,0.12000000000000001
1629,2024-1224-1246,0.12000000000000001
1630,2024-1224-1181,0.12000000000000001
1631,2024-1224-1458,0.12000000000000001
1632,2024-1224-1403,0.12000000000000001
1633,2024-1224-1196,0.12000000000000001
1634,2024-1224-1304,0.12000000000000001
1635,2024-1224-1401,0.12000000000000001
1636,2024-1224-1129,0.12000000000000001
1637,2024-1224-1160,0.12000000000000001
1638,2024-1224-1301,0.12000000000000001
1639,2024-1224-1241,0.12000000000000001
1640,2024-1224-1436,0.18
1641,2024-1224-1324,0.15000000000000002
1642,2024-1224-1443,0.16
1643,2024-1224-1255,0.14
1644,2024-1228-1345,0.4
1645,2024-1228-1397,0.31
1646,2024-1228-1166,0.41
1647,2024-1228-1242,0.4
1648,2024-1228-1211,0.36
1649,2024-1228-1376,0.47
1650,2024-1228-1400,0.42
1651,2024-1228-1429,0.46
1652,2024-1228-1395,0.42
1653,2024-1228-1161,0.4
1654,2024-1228-1438,0.56
1655,2024-1228-1332,0.54
1656,2024-1228-1270,0.61
1657,2024-1228-1359,0.72
1658,2024-1228-1103,0.79
1659,2024-1228-1389,0.8
1660,2024-1228-1212,0.84
1661,2024-1228-1286,0.82
1662,2024-1228-1222,0.36
1663,2024-1228-1266,0.4
1664,2024-1228-1246,0.46
1665,2024-1228-1181,0.37
1666,2024-1228-1458,0.41
1667,2024-1228-1403,0.44
1668,2024-1228-1196,0.41
1669,2024-1228-1304,0.44
1670,2024-1228-1401,0.44
1671,2024-1228-1129,0.4
1672,2024-1228-1160,0.44
1673,2024-1228-1301,0.58
1674,2024-1228-1241,0.62
1675,2024-1228-1436,0.78
1676,2024-1228-1324,0.83
1677,2024-1228-1443,0.82
1678,2024-1228-1255,0.8
1679,2024-1235-1345,0.47
1680,2024-1235-1397,0.37
1681,2024-1235-1166,0.27
1682,2024-1235-1242,0.35
1683,2024-1235-1211,0.29
1684,2024-1235-1376,0.61
1685,2024-1235-1400,0.44
1686,2024-1235-1429,0.61
1687,2024-1235-1395,0.49
1688,2024-1235-1161,0.56
1689,2024-1235-1438,0.55
1690,2024-1235-1332,0.55
1691,2024-1235-1270,0.55
1692,2024-1235-1359,0.65
1693,2024-1235-1103,0.74
1694,2024-1235-1389,0.8
1695,2024-1235-1212,0.82
1696,2024-1235-1286,0.81
1697,2024-1235-1222,0.47
1698,2024-1235-1266,0.27
1699,2024-1235-1246,0.37
1700,2024-1235-1181,0.29
1701,2024-1235-1458,0.36
1702,2024-1235-1403,0.44
1703,2024-1235-1196,0.47
1704,2024-1235-1304,0.44
1705,2024-1235-1401,0.63
1706,2024-1235-1129,0.56
1707,2024-1235-1160,0.44
1708,2024-1235-1301,0.55
1709,2024-1235-1241,0.55
1710,2024-1235-1436,0.72
1711,2024-1235-1324,0.79
1712,2024-1235-1443,0.77
1713,2024-1235-1255,0.78
1714,2024-1253-1345,0.09600000000000002
1715,2024-1253-1397,0.09600000000000002
1716,2024-1253-1166,0.09600000000000002
1717,2024-1253-1242,0.09600000000000002
1718,2024-1253-1211,0.09600000000000002
1719,2024-1253-1376,0.128
1720,2024-1253-1400,0.09600000000000002
1721,2024-1253-1429,0.128
1722,2024-1253-1395,0.09600000000000002
1723,2024-1253-1161,0.136
1724,2024-1253-1438,0.144
1725,2024-1253-1332,0.15200000000000002
1726,2024-1253-1270,0.144
1727,2024-1253-1359,0.136
1728,2024-1253-1103,0.128
1729,2024-1253-1389,0.288
1730,2024-1253-1212,0.336
1731,2024-1253-1286,0.336
1732,2024-1253-1222,0.09600000000000002
1733,2024-1253-1266,0.09600000000000002
1734,2024-1253-1246,0.09600000000000002
1735,2024-1253-1181,0.09600000000000002
1736,2024-1253-1458,0.09600000000000002
1737,2024-1253-1403,0.09600000000000002
1738,2024-1253-1196,0.09600000000000002
1739,2024-1253-1304,0.09600000000000002
1740,2024-1253-1401,0.08000000000000002
1741,2024-1253-1129,0.136
1742,2024-1253-1160,0.09600000000000002
1743,2024-1253-1301,0.144
1744,2024-1253-1241,0.144
1745,2024-1253-1436,0.144
1746,2024-1253-1324,0.272
1747,2024-1253-1443,0.2
1748,2024-1253-1255,0.328
1749,2024-1277-1345,0.33
1750,2024-1277-1397,0.36
1751,2024-1277-1166,0.38
1752,2024-1277-1242,0.35
1753,2024-1277-1211,0.35
1754,2024-1277-1376,0.39
1755,2024-1277-1400,0.4
1756,2024-1277-1429,0.4
1757,2024-1277-1395,0.42
1758,2024-1277-1161,0.36
1759,2024-1277-1438,0.46
1760,2024-1277-1332,0.46
1761,2024-1277-1270,0.47
1762,2024-1277-1359,0.53
1763,2024-1277-1103,0.54
1764,2024-1277-1389,0.54
1765,2024-1277-1212,0.55
1766,2024-1277-1286,0.55
1767,2024-1277-1222,0.3
1768,2024-1277-1266,0.4
1769,2024-1277-1246,0.36
1770,2024-1277-1181,0.38
1771,2024-1277-1458,0.33
1772,2024-1277-1403,0.39
1773,2024-1277-1196,0.38
1774,2024-1277-1304,0.39
1775,2024-1277-1401,0.4
1776,2024-1277-1129,0.36
1777,2024-1277-1160,0.39
1778,2024-1277-1301,0.46
1779,2024-1277-1241,0.47
1780,2024-1277-1436,0.56
1781,2024-1277-1324,0.55
1782,2024-1277-1443,0.55
1783,2024-1277-1255,0.55
1784,2024-1280-1345,0.3
1785,2024-1280-1397,0.3
1786,2024-1280-1166,0.31
1787,2024-1280-1242,0.38
1788,2024-1280-1211,0.33
1789,2024-1280-1376,0.54
1790,2024-1280-1400,0.38
1791,2024-1280-1429,0.54
1792,2024-1280-1395,0.43
1793,2024-1280-1161,0.43
1794,2024-1280-1438,0.49
1795,2024-1280-1332,0.48
1796,2024-1280-1270,0.48
1797,2024-1280-1359,0.57
1798,2024-1280-1103,0.66
1799,2024-1280-1389,0.7
1800,2024-1280-1212,0.71
1801,2024-1280-1286,0.7
1802,2024-1280-1222,0.2
1803,2024-1280-1266,0.3
1804,2024-1280-1246,0.37
1805,2024-1280-1181,0.33
1806,2024-1280-1458,0.37
1807,2024-1280-1403,0.39
1808,2024-1280-1196,0.4
1809,2024-1280-1304,0.39
1810,2024-1280-1401,0.48
1811,2024-1280-1129,0.43
1812,2024-1280-1160,0.39
1813,2024-1280-1301,0.49
1814,2024-1280-1241,0.48
1815,2024-1280-1436,0.65
1816,2024-1280-1324,0.71
1817,2024-1280-1443,0.69
1818,2024-1280-1255,0.71
1819,2024-1287-1345,0.11
1820,2024-1287-1397,0.12000000000000001
1821,2024-1287-1166,0.11
1822,2024-1287-1242,0.18
1823,2024-1287-1211,0.18
1824,2024-1287-1376,0.18
1825,2024-1287-1400,0.18
1826,2024-1287-1429,0.16
1827,2024-1287-1395,0.18
1828,2024-1287-1161,0.19
1829,2024-1287-1438,0.29
1830,2024-1287-1332,0.31
1831,2024-1287-1270,0.23
1832,2024-1287-1359,0.32
1833,2024-1287-1103,0.39
1834,2024-1287-1389,0.45
1835,2024-1287-1212,0.56
1836,2024-1287-1286,0.49
1837,2024-1287-1222,0.11
1838,2024-1287-1266,0.11
1839,2024-1287-1246,0.13
1840,2024-1287-1181,0.11
1841,2024-1287-1458,0.18
1842,2024-1287-1403,0.17
1843,2024-1287-1196,0.18
1844,2024-1287-1304,0.17
1845,2024-1287-1401,0.11
1846,2024-1287-1129,0.19
1847,2024-1287-1160,0.17
1848,2024-1287-1301,0.27
1849,2024-1287-1241,0.25
1850,2024-1287-1436,0.37
1851,2024-1287-1324,0.36
1852,2024-1287-1443,0.4
1853,2024-1287-1255,0.42
1854,2024-1305-1345,0.15200000000000002
1855,2024-1305-1397,0.168
1856,2024-1305-1166,0.24
1857,2024-1305-1242,0.328
1858,2024-1305-1211,0.296
1859,2024-1305-1376,0.41600000000000004
1860,2024-1305-1400,0.48
1861,2024-1305-1429,0.43200000000000005
1862,2024-1305-1395,0.512
1863,2024-1305-1161,0.45599999999999996
1864,2024-1305-1438,0.376
1865,2024-1305-1332,0.41600000000000004
1866,2024-1305-1270,0.384
1867,2024-1305-1359,0.488
1868,2024-1305-1103,0.52
1869,2024-1305-1389,0.576
1870,2024-1305-1212,0.5519999999999999
1871,2024-1305-1286,0.5599999999999999
1872,2024-1305-1222,0.16000000000000003
1873,2024-1305-1266,0.264
1874,2024-1305-1246,0.36000000000000004
1875,2024-1305-1181,0.21600000000000003
1876,2024-1305-1458,0.328
1877,2024-1305-1403,0.472
1878,2024-1305-1196,0.504
1879,2024-1305-1304,0.472
1880,2024-1305-1401,0.496
1881,2024-1305-1129,0.45599999999999996
1882,2024-1305-1160,0.472
1883,2024-1305-1301,0.392
1884,2024-1305-1241,0.384
1885,2024-1305-1436,0.48
1886,2024-1305-1324,0.576
1887,2024-1305-1443,0.576
1888,2024-1305-1255,0.584
1889,2024-1307-1345,0.35
1890,2024-1307-1397,0.31
1891,2024-1307-1166,0.26
1892,2024-1307-1242,0.31
1893,2024-1307-1211,0.32
1894,2024-1307-1376,0.5
1895,2024-1307-1400,0.43
1896,2024-1307-1429,0.48
1897,2024-1307-1395,0.39
1898,2024-1307-1161,0.46
1899,2024-1307-1438,0.49
1900,2024-1307-1332,0.47
1901,2024-1307-1270,0.5
1902,2024-1307-1359,0.48
1903,2024-1307-1103,0.62
1904,2024-1307-1389,0.65
1905,2024-1307-1212,0.66
1906,2024-1307-1286,0.66
1907,2024-1307-1222,0.2
1908,2024-1307-1266,0.25
1909,2024-1307-1246,0.35
1910,2024-1307-1181,0.37
1911,2024-1307-1458,0.3
1912,2024-1307-1403,0.38
1913,2024-1307-1196,0.44
1914,2024-1307-1304,0.38
1915,2024-1307-1401,0.5
1916,2024-1307-1129,0.46
1917,2024-1307-1160,0.38
1918,2024-1307-1301,0.49
1919,2024-1307-1241,0.49
1920,2024-1307-1436,0.53
1921,2024-1307-1324,0.67
1922,2024-1307-1443,0.67
1923,2024-1307-1255,0.66
1924,2024-1314-1345,0.42
1925,2024-1314-1397,0.43
1926,2024-1314-1166,0.3
1927,2024-1314-1242,0.16
1928,2024-1314-1211,0.16
1929,2024-1314-1376,0.32
1930,2024-1314-1400,0.17
1931,2024-1314-1429,0.36
1932,2024-1314-1395,0.25
1933,2024-1314-1161,0.26
1934,2024-1314-1438,0.53
1935,2024-1314-1332,0.51
1936,2024-1314-1270,0.55
1937,2024-1314-1359,0.57
1938,2024-1314-1103,0.66
1939,2024-1314-1389,0.69
1940,2024-1314-1212,0.77
1941,2024-1314-1286,0.74
1942,2024-1314-1222,0.44
1943,2024-1314-1266,0.23
1944,2024-1314-1246,0.18
1945,2024-1314-1181,0.36
1946,2024-1314-1458,0.15
1947,2024-1314-1403,0.19
1948,2024-1314-1196,0.25
1949,2024-1314-1304,0.17
1950,2024-1314-1401,0.27
1951,2024-1314-1129,0.26
1952,2024-1314-1160,0.17
1953,2024-1314-1301,0.54
1954,2024-1314-1241,0.55
1955,2024-1314-1436,0.61
1956,2024-1314-1324,0.64
1957,2024-1314-1443,0.63
1958,2024-1314-1255,0.66
1959,2024-1321-1345,0.25
1960,2024-1321-1397,0.28
1961,2024-1321-1166,0.3
1962,2024-1321-1242,0.29
1963,2024-1321-1211,0.29
1964,2024-1321-1376,0.47
1965,2024-1321-1400,0.35
1966,2024-1321-1429,0.47
1967,2024-1321-1395,0.4
1968,2024-1321-1161,0.44
1969,2024-1321-1438,0.58
1970,2024-1321-1332,0.58
1971,2024-1321-1270,0.59
1972,2024-1321-1359,0.71
1973,2024-1321-1103,0.8
1974,2024-1321-1389,0.81
1975,2024-1321-1212,0.81
1976,2024-1321-1286,0.83
1977,2024-1321-1222,0.18
1978,2024-1321-1266,0.27
1979,2024-1321-1246,0.38
1980,2024-1321-1181,0.28
1981,2024-1321-1458,0.31
1982,2024-1321-1403,0.36
1983,2024-1321-1196,0.38
1984,2024-1321-1304,0.36
1985,2024-1321-1401,0.49
1986,2024-1321-1129,0.44
1987,2024-1321-1160,0.36
1988,2024-1321-1301,0.58
1989,2024-1321-1241,0.58
1990,2024-1321-1436,0.7
1991,2024-1321-1324,0.81
1992,2024-1321-1443,0.81
1993,2024-1321-1255,0.83
1994,2024-1355-1345,0.16
1995,2024-1355-1397,0.16
1996,2024-1355-1166,0.17
1997,2024-1355-1242,0.15
1998,2024-1355-1211,0.18
1999,2024-1355-1376,0.17
2000,2024-1355-1400,0.15
2001,2024-1355-1429,0.17
2002,2024-1355-1395,0.16
2003,2024-1355-1161,0.18
2004,2024-1355-1438,0.26
2005,2024-1355-1332,0.23
2006,2024-1355-1270,0.25
2007,2024-1355-1359,0.35
2008,2024-1355-1103,0.42
2009,2024-1355-1389,0.33
2010,2024-1355-1212,0.33
2011,2024-1355-1286,0.32
2012,2024-1355-1222,0.16
2013,2024-1355-1266,0.17
2014,2024-1355-1246,0.22
2015,2024-1355-1181,0.18
2016,2024-1355-1458,0.13
2017,2024-1355-1403,0.15
2018,2024-1355-1196,0.15
2019,2024-1355-1304,0.15
2020,2024-1355-1401,0.16
2021,2024-1355-1129,0.18
2022,2024-1355-1160,0.15
2023,2024-1355-1301,0.27
2024,2024-1355-1241,0.28
2025,2024-1355-1436,0.34
2026,2024-1355-1324,0.38
2027,2024-1355-1443,0.37
2028,2024-1355-1255,0.34
2029,2024-1361-1345,0.34400000000000003
2030,2024-1361-1397,0.328
2031,2024-1361-1166,0.31200000000000006
2032,2024-1361-1242,0.30400000000000005
2033,2024-1361-1211,0.376
2034,2024-1361-1376,0.384
2035,2024-1361-1400,0.392
2036,2024-1361-1429,0.384
2037,2024-1361-1395,0.40800000000000003
2038,2024-1361-1161,0.41600000000000004
2039,2024-1361-1438,0.41600000000000004
2040,2024-1361-1332,0.4
2041,2024-1361-1270,0.41600000000000004
2042,2024-1361-1359,0.44000000000000006
2043,2024-1361-1103,0.46399999999999997
2044,2024-1361-1389,0.472
2045,2024-1361-1212,0.536
2046,2024-1361-1286,0.488
2047,2024-1361-1222,0.23199999999999998
2048,2024-1361-1266,0.31200000000000006
2049,2024-1361-1246,0.288
2050,2024-1361-1181,0.296
2051,2024-1361-1458,0.32000000000000006
2052,2024-1361-1403,0.392
2053,2024-1361-1196,0.376
2054,2024-1361-1304,0.392
2055,2024-1361-1401,0.392
2056,2024-1361-1129,0.41600000000000004
2057,2024-1361-1160,0.392
2058,2024-1361-1301,0.41600000000000004
2059,2024-1361-1241,0.41600000000000004
2060,2024-1361-1436,0.472
2061,2024-1361-1324,0.44800000000000006
2062,2024-1361-1443,0.44800000000000006
2063,2024-1361-1255,0.472
2064,2024-1388-1345,0.31
2065,2024-1388-1397,0.31
2066,2024-1388-1166,0.33
2067,2024-1388-1242,0.46
2068,2024-1388-1211,0.46
2069,2024-1388-1376,0.32
2070,2024-1388-1400,0.41
2071,2024-1388-1429,0.34
2072,2024-1388-1395,0.37
2073,2024-1388-1161,0.4
2074,2024-1388-1438,0.43
2075,2024-1388-1332,0.39
2076,2024-1388-1270,0.4
2077,2024-1388-1359,0.51
2078,2024-1388-1103,0.65
2079,2024-1388-1389,0.66
2080,2024-1388-1212,0.73
2081,2024-1388-1286,0.7
2082,2024-1388-1222,0.22
2083,2024-1388-1266,0.36
2084,2024-1388-1246,0.42
2085,2024-1388-1181,0.31
2086,2024-1388-1458,0.48
2087,2024-1388-1403,0.37
2088,2024-1388-1196,0.39
2089,2024-1388-1304,0.39
2090,2024-1388-1401,0.3
2091,2024-1388-1129,0.4
2092,2024-1388-1160,0.38
2093,2024-1388-1301,0.43
2094,2024-1388-1241,0.42
2095,2024-1388-1436,0.63
2096,2024-1388-1324,0.63
2097,2024-1388-1443,0.63
2098,2024-1388-1255,0.65
2099,2024-1391-1345,0.1
2100,2024-1391-1397,0.1
2101,2024-1391-1166,0.1
2102,2024-1391-1242,0.11
2103,2024-1391-1211,0.1
2104,2024-1391-1376,0.1
2105,2024-1391-1400,0.11
2106,2024-1391-1429,0.1
2107,2024-1391-1395,0.1
2108,2024-1391-1161,0.1
2109,2024-1391-1438,0.1
2110,2024-1391-1332,0.1
2111,2024-1391-1270,0.12000000000000001
2112,2024-1391-1359,0.17
2113,2024-1391-1103,0.14
2114,2024-1391-1389,0.38
2115,2024-1391-1212,0.55
2116,2024-1391-1286,0.45
2117,2024-1391-1222,0.13
2118,2024-1391-1266,0.1
2119,2024-1391-1246,0.11
2120,2024-1391-1181,0.1
2121,2024-1391-1458,0.1
2122,2024-1391-1403,0.11
2123,2024-1391-1196,0.11
2124,2024-1391-1304,0.11
2125,2024-1391-1401,0.1
2126,2024-1391-1129,0.1
2127,2024-1391-1160,0.11
2128,2024-1391-1301,0.1
2129,2024-1391-1241,0.12000000000000001
2130,2024-1391-1436,0.17
2131,2024-1391-1324,0.11
2132,2024-1391-1443,0.11
2133,2024-1391-1255,0.18
2134,2024-1412-1345,0.12000000000000001
2135,2024-1412-1397,0.12000000000000001
2136,2024-1412-1166,0.14
2137,2024-1412-1242,0.13
2138,2024-1412-1211,0.12000000000000001
2139,2024-1412-1376,0.15
2140,2024-1412-1400,0.12000000000000001
2141,2024-1412-1429,0.15
2142,2024-1412-1395,0.19
2143,2024-1412-1161,0.17
2144,2024-1412-1438,0.27
2145,2024-1412-1332,0.27
2146,2024-1412-1270,0.29
2147,2024-1412-1359,0.39
2148,2024-1412-1103,0.41
2149,2024-1412-1389,0.37
2150,2024-1412-1212,0.47
2151,2024-1412-1286,0.37
2152,2024-1412-1222,0.11
2153,2024-1412-1266,0.15000000000000002
2154,2024-1412-1246,0.13
2155,2024-1412-1181,0.11
2156,2024-1412-1458,0.12000000000000001
2157,2024-1412-1403,0.12000000000000001
2158,2024-1412-1196,0.17
2159,2024-1412-1304,0.12000000000000001
2160,2024-1412-1401,0.14
2161,2024-1412-1129,0.17
2162,2024-1412-1160,0.12000000000000001
2163,2024-1412-1301,0.27
2164,2024-1412-1241,0.28
2165,2024-1412-1436,0.41
2166,2024-1412-1324,0.29
2167,2024-1412-1443,0.27
2168,2024-1412-1255,0.28
2169,2024-1447-1345,0.12
2170,2024-1447-1397,0.12
2171,2024-1447-1166,0.11
2172,2024-1447-1242,0.11
2173,2024-1447-1211,0.11
2174,2024-1447-1376,0.12
2175,2024-1447-1400,0.11
2176,2024-1447-1429,0.13
2177,2024-1447-1395,0.11
2178,2024-1447-1161,0.12
2179,2024-1447-1438,0.12
2180,2024-1447-1332,0.12
2181,2024-1447-1270,0.12
2182,2024-1447-1359,0.11
2183,2024-1447-1103,0.36
2184,2024-1447-1389,0.37
2185,2024-1447-1212,0.53
2186,2024-1447-1286,0.37
2187,2024-1447-1222,0.12
2188,2024-1447-1266,0.11
2189,2024-1447-1246,0.11
2190,2024-1447-1181,0.11
2191,2024-1447-1458,0.11
2192,2024-1447-1403,0.11
2193,2024-1447-1196,0.11
2194,2024-1447-1304,0.11
2195,2024-1447-1401,0.12
2196,2024-1447-1129,0.12
2197,2024-1447-1160,0.11
2198,2024-1447-1301,0.12
2199,2024-1447-1241,0.12
2200,2024-1447-1436,0.14
2201,2024-1447-1324,0.34
2202,2024-1447-1443,0.32
2203,2024-1447-1255,0.3
2204,2024-1450-1345,0.12
2205,2024-1450-1397,0.15200000000000002
2206,2024-1450-1166,0.2
2207,2024-1450-1242,0.23199999999999998
2208,2024-1450-1211,0.248
2209,2024-1450-1376,0.35200000000000004
2210,2024-1450-1400,0.27999999999999997
2211,2024-1450-1429,0.34400000000000003
2212,2024-1450-1395,0.24
2213,2024-1450-1161,0.256
2214,2024-1450-1438,0.512
2215,2024-1450-1332,0.40800000000000003
2216,2024-1450-1270,0.512
2217,2024-1450-1359,0.52
2218,2024-1450-1103,0.6000000000000001
2219,2024-1450-1389,0.6240000000000001
2220,2024-1450-1212,0.6160000000000001
2221,2024-1450-1286,0.6320000000000001
2222,2024-1450-1222,0.16000000000000003
2223,2024-1450-1266,0.20800000000000002
2224,2024-1450-1246,0.24
2225,2024-1450-1181,0.21600000000000003
2226,2024-1450-1458,0.21600000000000003
2227,2024-1450-1403,0.27999999999999997
2228,2024-1450-1196,0.264
2229,2024-1450-1304,0.272
2230,2024-1450-1401,0.23199999999999998
2231,2024-1450-1129,0.256
2232,2024-1450-1160,0.272
2233,2024-1450-1301,0.512
2234,2024-1450-1241,0.52
2235,2024-1450-1436,0.584
2236,2024-1450-1324,0.6000000000000001
2237,2024-1450-1443,0.584
2238,2024-1450-1255,0.6080000000000001
2239,2024-1463-1345,0.15000000000000002
2240,2024-1463-1397,0.16
2241,2024-1463-1166,0.14
2242,2024-1463-1242,0.19
2243,2024-1463-1211,0.17
2244,2024-1463-1376,0.15
2245,2024-1463-1400,0.13
2246,2024-1463-1429,0.15
2247,2024-1463-1395,0.19
2248,2024-1463-1161,0.11
2249,2024-1463-1438,0.14
2250,2024-1463-1332,0.15
2251,2024-1463-1270,0.13
2252,2024-1463-1359,0.2
2253,2024-1463-1103,0.34
2254,2024-1463-1389,0.5
2255,2024-1463-1212,0.54
2256,2024-1463-1286,0.55
2257,2024-1463-1222,0.17
2258,2024-1463-1266,0.16
2259,2024-1463-1246,0.11
2260,2024-1463-1181,0.17
2261,2024-1463-1458,0.17
2262,2024-1463-1403,0.13
2263,2024-1463-1196,0.18
2264,2024-1463-1304,0.13
2265,2024-1463-1401,0.12
2266,2024-1463-1129,0.11
2267,2024-1463-1160,0.13
2268,2024-1463-1301,0.14
2269,2024-1463-1241,0.13
2270,2024-1463-1436,0.23
2271,2024-1463-1324,0.37
2272,2024-1463-1443,0.38
2273,2024-1463-1255,0.44
2274,2024-1224-1447,0.39
2275,2024-1161-1438,0.62
2276,2024-1212-1286,0.38
2277,2024-1129-1160,0.18400000000000002
